filename,title,ministry,category,launch,description,website,helpline,icon
pm-kisan,PM Kisan Samman Nidhi,Agriculture,Farmer,Feb 2019,Income support for farmers,https://pmkisan.gov.in,1800-180-1551,🌾
ayushman-bharat,Ayushman Bharat PM-JAY,Health,Health,Sep 2018,Health insurance for poor families,https://pmjay.gov.in,14555,🏥
sukanya-samriddhi,Sukanya Samriddhi Yojana,Finance,Girl Child,Jan 2015,Small savings scheme for girl child,https://indiapost.gov.in,1800-266-6868,👧
pm-awas,PM Awas Yojana,Urban Development,Housing,June 2015,Affordable housing for all,https://pmaymis.gov.in,1800-11-6163,🏠
pm-mudra,PM Mudra Yojana,Finance,Loan,April 2015,Loans for small businesses,https://mudra.org.in,1800-180-1111,💼
pm-fasal-bima,PM Fasal Bima Yojana,Agriculture,Farmer,Jan 2016,Crop insurance for farmers,https://pmfby.gov.in,1800-180-1551,🌾
atal-pension,Atal Pension Yojana,Finance,Pension,May 2015,Pension for unorganized sector,https://npscra.nsdl.co.in,1800-110-069,👴
pm-jan-dhan,PM Jan Dhan Yojana,Finance,Banking,Aug 2014,Financial inclusion for all,https://pmjdy.gov.in,1800-11-0001,🏦
pm-ujjwala,PM Ujjwala Yojana,Petroleum,Women,May 2016,LPG connection for poor women,https://pmuy.gov.in,1800-266-6696,🔥
pm-suraksha-bima,PM Suraksha Bima Yojana,Finance,Insurance,May 2015,Accident insurance scheme,https://jansuraksha.gov.in,1800-180-1111,🛡️
pm-jeevan-jyoti,PM Jeevan Jyoti Bima Yojana,Finance,Insurance,May 2015,Life insurance scheme,https://jansuraksha.gov.in,1800-180-1111,💙
beti-bachao,Beti Bachao Beti Padhao,Women Child,Women,Jan 2015,Save and educate girl child,https://wcd.gov.in,1800-11-1555,👧
kisan-credit-card,Kisan Credit Card,Agriculture,Farmer,1998,Credit for farmers,https://agriwelfare.gov.in,1800-180-1551,💳
pm-kisan-maan-dhan,PM Kisan Maan Dhan Yojana,Agriculture,Pension,Sep 2019,Pension for small farmers,https://maandhan.in,1800-267-6888,👨‍🌾
pm-garib-kalyan,PM Garib Kalyan Yojana,Finance,Welfare,Mar 2020,Free ration for poor,https://dfpd.gov.in,1800-11-0084,🍚
pm-vishwakarma,PM Vishwakarma Yojana,MSME,Artisan,Sep 2023,Support for traditional artisans,https://pmvishwakarma.gov.in,1800-267-7777,🔨
pm-poshan,PM Poshan Shakti Nirman,Education,Children,Sep 2021,Meals for school children,https://pmposhan.education.gov.in,1800-11-8004,🍎
ladli-behna,Ladli Behna Yojana,Women Child,Women,Mar 2023,Financial help for women,https://mp.gov.in,1800-233-7777,👩
kanya-sumangala,Kanya Sumangala Yojana,Women Child,Girl Child,2019,Financial help for girls,https://up.gov.in,1800-180-5333,🎀
ration-card,Ration Card Yojana,Food,Food,1965,Subsidized food grains,https://nfsa.gov.in,1800-11-0084,📋
pm-svanidhi,PM SVANidhi Yojana,Housing,Street Vendor,June 2020,Loan for street vendors,https://pmsvanidhi.mohua.gov.in,1800-11-0097,🛒
mnrega,MNREGA Yojana,Rural Development,Employment,Feb 2006,Guaranteed rural employment,https://nrega.nic.in,1800-111-555,⚒️
pm-matsya-sampada,PM Matsya Sampada Yojana,Fisheries,Fisherman,Sep 2020,Support for fishermen,https://pmmsy.dof.gov.in,1800-180-1551,🐟
ayushman-digital,Ayushman Bharat Digital Mission,Health,Health,Sep 2021,Digital health ID,https://abdm.gov.in,1800-11-4477,💻
pm-awas-urban,PM Awas Yojana Urban,Housing,Urban,June 2015,Housing for urban poor,https://pmaymis.gov.in,1800-11-6163,🏙️
pm-shram-yogi,PM Shram Yogi Maandhan,Labour,Pension,Feb 2019,Pension for unorganized workers,https://maandhan.in,1800-267-6888,💼
pm-kaushal-vikas,PM Kaushal Vikas Yojana,Skill Development,Employment,July 2015,Free skill training for youth,https://pmkvyofficial.org,8800055555,🎓
stand-up-india,Stand Up India Yojana,Finance,Business,April 2016,Loan for SC/ST and women entrepreneurs,https://standupmitra.in,1800-180-1111,🏦
startup-india,Startup India Yojana,Commerce,Business,Jan 2016,Support for startups and entrepreneurs,https://startupindia.gov.in,1800-115-565,🚀
soil-health-card,Soil Health Card Yojana,Agriculture,Farmer,Feb 2015,Soil testing for farmers,https://soilhealth.dac.gov.in,1800-180-1551,🌱
e-nam,e-NAM Yojana,Agriculture,Farmer,April 2016,Online agri market platform,https://enam.gov.in,1800-270-0224,🛒
pm-fme,PM FME Yojana,Food Processing,Business,June 2020,Loan for food processing units,https://pmfme.mofpi.gov.in,1800-11-1122,🍱
ujala,UJALA Yojana,Power,Energy,Jan 2015,LED bulbs at low cost,https://ujala.gov.in,1800-180-3333,💡
saubhagya,Saubhagya Yojana,Power,Rural,Sep 2017,Free electricity connection,https://saubhagya.gov.in,1800-180-3333,⚡
pm-kusum,PM KUSUM Yojana,New Renewable Energy,Farmer,Feb 2019,Solar pumps for farmers,https://pmkusum.mnre.gov.in,1800-180-3333,☀️
pm-jan-aushadhi,PM Jan Aushadhi Yojana,Pharmaceuticals,Health,Nov 2008,Affordable medicines,https://janaushadhi.gov.in,1800-180-8080,💊
rashtriya-vayoshri,Rashtriya Vayoshri Yojana,Social Justice,Senior Citizen,April 2017,Free assistive devices for seniors,https://rvysocialjustice.gov.in,1800-11-1555,👴
rashtriya-swasthya-bima,Rashtriya Swasthya Bima,Health,Insurance,April 2008,Health insurance for BPL families,https://rsby.gov.in,1800-11-1555,🏥
aam-aadmi-bima,Aam Aadmi Bima Yojana,Finance,Insurance,2007,Insurance for rural landless,https://licindia.in,1800-258-5678,🛡️
nai-roshni,Nai Roshni Yojana,Minority Affairs,Women,2013,Leadership training for minority women,https://minorityaffairs.gov.in,1800-11-1555,🌟
padho-pardesh,Padho Pardesh Yojana,Minority Affairs,Education,2013,Interest subsidy on education loans,https://minorityaffairs.gov.in,1800-11-1555,✈️
post-matric-scholarship,Post Matric Scholarship SC,Social Justice,Education,Ongoing,Scholarship for SC students,https://scholarships.gov.in,1800-11-1555,📚
pre-matric-scholarship,Pre Matric Scholarship,Social Justice,Education,Ongoing,Scholarship for SC students class 9-10,https://scholarships.gov.in,1800-11-1555,📖
pm-scholarship,PM Scholarship Scheme,Home Affairs,Education,2006,Scholarship for ex-servicemen children,https://scholarships.gov.in,1800-11-1555,🎖️
national-means-scholarship,National Means Cum Merit Scholarship,Education,Students,2008,Scholarship for class 8 students,https://scholarships.gov.in,1800-11-1555,🏅